Student,Mode,Response Time,Mistakes,Steps
60,1,0,0,0
60,1,0,0,0
60,1,0,0,0
60,2,0,0,0
60,2,0,0,0
60,2,0,0,0
60,3,0,0,0
60,3,0,0,0
60,3,0,0,0
60,4,0,0,0
60,4,0,0,0
60,4,0,0,0
60,4,0,0,0
60,5,4.81,0,2
60,5,3.43,0,3
60,5,7.78,0,4
60,5,8.34,0,2
60,5,12.95,0,2
60,5,5.5,0,3
60,5,8.78,0,4
60,5,8.67,4,3
60,5,7.84,1,3
60,5,5.63,0,4
60,5,4.75,0,2
60,5,7.68,1,3
60,5,8.48,0,3
60,5,13.66,0,3
60,5,7.42,1,4
60,5,5.06,0,3
60,6,4.99,1,3
60,6,30.78,6,4
60,6,9.55,1,4
60,6,3.54,2,2
60,6,7.27,0,3
60,6,4.71,0,3
60,6,7.87,2,4
60,6,7.57,0,3
60,6,5.61,0,4
60,6,3.99,0,2
60,6,5.55,0,3
60,6,5.13,1,3
60,6,7.84,1,4
60,6,4.74,0,3
60,6,4.08,0,2
60,6,6.25,0,3
60,6,4.34,0,3
60,6,4.34,0,3
60,6,4.51,0,2
60,6,3.59,0,3
60,7,4.27,0,2
60,7,3.92,1,2
60,7,5.89,1,3
60,7,7.54,1,3
60,7,12.45,1,3
60,7,8.81,0,4
60,7,4.81,0,3
60,7,7.97,0,3
60,7,5.9,0,3
60,7,14.15,2,4
60,7,8.93,0,4
60,7,12.08,1,3
60,7,10.95,2,2
60,7,8.83,0,4
60,7,7.79,0,3
60,7,4.13,0,2
60,7,3.98,0,3
60,7,3.71,0,4
60,7,5.45,0,2
60,8,3.84,0,3
60,8,9.22,0,4
60,8,7.21,2,2
60,8,7.65,0,3
60,8,5.67,1,3
60,8,5.1,0,3
60,8,4.42,0,3
60,8,9.7,0,4
60,8,6.44,1,2
60,8,6.05,0,3
60,8,13.19,0,4
60,8,6.93,0,2
60,8,4.68,0,2
60,8,7.92,0,3
60,8,7.34,2,4
60,8,6.52,1,3
60,8,7.25,0,3
60,8,2.98,0,2
60,8,6.75,0,4
61,1,0,0,0
61,1,0,0,0
61,1,0,0,0
61,1,0,0,0
61,2,0,0,0
61,2,0,0,0
61,2,0,0,0
61,2,0,0,0
61,3,0,0,0
61,3,0,0,0
61,3,0,0,0
61,4,0,0,0
61,4,0,0,0
61,4,0,0,0
61,5,4.27,0,2
61,5,5.92,0,3
61,5,4.94,0,3
61,5,14.23,1,4
61,5,4.8,0,3
61,5,1.88,0,2
61,5,5.64,0,4
61,5,3.68,0,3
61,5,5.77,1,2
61,5,10.05,0,4
61,5,2.84,0,2
61,5,4.28,0,3
61,5,10.42,0,3
61,5,5.03,0,3
61,5,5.06,0,4
61,5,4.04,0,3
61,5,4.8,0,2
61,5,5.46,0,4
61,5,2.69,0,2
61,5,4.23,0,3
61,6,5.86,0,4
61,6,3.38,0,2
61,6,5.92,0,3
61,6,15.2,0,4
61,6,3.68,1,3
61,6,3.95,1,3
61,6,4.58,0,3
61,6,5.14,1,2
61,6,5.3,0,4
61,6,6.26,0,4
61,6,6.58,0,3
61,6,7.86,0,3
61,6,7.47,0,3
61,6,4.09,0,3
61,6,5.75,0,2
61,6,5.57,0,3
61,6,2.94,0,2
61,6,6.66,0,4
61,6,5.12,0,2
61,6,3.97,0,2
61,7,8.49,0,4
61,7,3.36,0,3
61,7,3.52,1,2
61,7,4.45,0,3
61,7,27.93,0,3
61,7,5.18,0,2
61,7,4.43,0,4
61,7,5.8,0,2
61,7,4.89,0,4
61,7,4.56,0,2
61,7,8.41,0,4
61,7,8.93,0,4
61,7,5.52,0,2
61,7,4.12,0,3
61,7,26.49,0,4
61,7,5.13,0,4
61,7,5.27,1,4
61,7,10.52,0,3
61,7,7.63,0,2
61,7,6.24,0,3
61,7,9.15,0,4
61,8,5.8,0,2
61,8,3.92,1,3
61,8,5.65,0,4
61,8,4.56,0,3
61,8,7.99,0,3
61,8,12.48,1,2
61,8,4.16,0,3
61,8,6.98,0,4
61,8,5.27,0,4
61,8,4.17,1,3
61,8,4.97,0,2
61,8,4.22,0,2
61,8,3.89,0,3
61,8,7.05,0,4
61,8,5.46,0,3
61,8,8.8,0,4
61,8,4.19,0,3
61,8,4.47,0,2
61,8,5.33,0,3
61,8,9.01,0,4
61,8,6.16,0,4
61,8,3.8,0,2
62,1,0,0,0
62,1,0,0,0
62,1,0,0,0
62,2,0,0,0
62,2,0,0,0
62,2,0,0,0
62,2,0,0,0
62,3,0,0,0
62,3,0,0,0
62,3,0,0,0
62,3,0,0,0
62,4,0,0,0
62,4,0,0,0
62,4,0,0,0
62,5,8.62,1,4
62,5,4.35,0,3
62,5,1,0,3
62,5,16.52,1,4
62,5,13.24,0,3
62,5,6.36,0,4
62,5,6.82,0,2
62,5,5.19,1,2
62,5,4.06,0,2
62,5,4.42,0,4
62,5,5.33,0,3
62,5,3.69,0,4
62,5,5.18,1,3
62,5,3.26,0,2
62,5,5.53,1,4
62,5,14.39,0,3
62,5,2.22,0,3
62,5,4.87,0,4
62,5,4.46,0,2
62,5,3.96,0,3
62,5,4.89,0,3
62,5,3.14,0,2
62,5,3.8,1,2
62,5,2.47,0,3
62,6,5.11,0,3
62,6,4.93,0,3
62,6,2.62,0,2
62,6,3.85,0,2
62,6,9.61,1,3
62,6,5.29,0,4
62,6,9.53,1,4
62,6,4.41,0,3
62,6,2.27,0,2
62,6,3.2,1,2
62,6,11.16,1,2
62,6,3.51,0,2
62,6,3.77,0,4
62,6,2.13,0,3
62,6,3.17,0,3
62,6,1.92,0,2
62,6,9.97,0,4
62,6,4.23,2,2
62,6,5.7,0,2
62,6,1.76,0,2
62,6,2.82,0,3
62,7,3.66,0,3
62,7,3.36,0,4
62,7,4.01,0,2
62,7,13.97,2,4
62,7,5.35,1,3
62,7,5.11,0,3
62,7,4.78,0,4
62,7,2.22,1,2
62,7,6.03,1,2
62,7,2.28,0,2
62,7,3.89,0,4
62,7,10.48,1,3
62,7,3.33,0,3
62,7,5.13,0,4
62,7,4.97,0,3
62,7,2.23,0,2
62,7,19.79,0,4
62,7,3.79,0,3
62,7,3.11,0,3
62,7,4.21,0,2
62,7,4.21,1,4
62,7,9.61,0,3
62,7,3.2,0,2
62,7,3.47,0,4
62,7,3.9,0,2
62,7,2.76,0,3
62,7,3.99,0,3
62,7,5.08,0,3
62,8,5.16,0,2
62,8,4.08,0,2
62,8,4.23,0,3
62,8,4.25,0,3
62,8,5.41,0,4
62,8,2.96,0,3
62,8,12.83,3,4
62,8,3.23,0,3
62,8,3.11,0,2
62,8,9.2,1,4
62,8,2.96,0,3
62,8,3.23,1,2
62,8,1.99,0,3
62,8,2.97,0,2
62,8,5.2,0,4
62,8,3.4,0,4
62,8,2.21,0,3
62,8,2.38,0,2
62,8,6.52,1,3
62,8,4.33,2,4
62,8,6.55,0,2
62,8,5.8,3,3
62,8,9.77,0,4
62,8,0.34,0,4
62,8,6.15,0,3
62,8,2.16,0,3
62,8,5,0,3
63,1,0,0,0
63,1,0,0,0
63,1,0,0,0
63,2,0,0,0
63,2,0,0,0
63,2,0,0,0
63,3,0,0,0
63,3,0,0,0
63,3,0,0,0
63,4,0,0,0
63,4,0,0,0
63,4,0,0,0
63,5,4.5,1,3
63,5,4.5,0,4
63,5,4.8,1,2
63,5,5.3,0,2
63,5,11.9,2,3
63,5,5,0,2
63,5,2.4,0,2
63,5,3.6,0,3
63,5,3.6,0,4
63,5,4.8,1,3
63,5,1.6,0,3
63,5,2.9,0,2
63,5,4.9,0,4
63,5,3.7,0,3
63,5,4.8,0,4
63,5,3.5,0,2
63,5,2.6,0,2
63,5,5.3,1,4
63,5,3.4,0,3
63,5,6.2,0,3
63,5,3.1,0,4
63,5,4.9,1,4
63,5,2.4,0,3
63,6,2.6,0,3
63,6,3.8,0,3
63,6,2.4,0,2
63,6,8.7,0,4
63,6,6.7,0,4
63,6,3.9,1,2
63,6,4.2,0,3
63,6,4.8,0,3
63,6,5.3,0,4
63,6,9.2,0,2
63,6,3.1,0,3
63,6,1.9,0,2
63,6,3.2,0,4
63,6,4,0,3
63,6,3.5,0,3
63,6,3.6,0,3
63,6,4.8,1,4
63,6,4.3,0,2
63,6,6.2,0,4
63,6,6.3,0,4
63,6,3.1,0,2
63,6,3.2,0,3
63,6,3.3,0,3
63,7,2.8,0,3
63,7,2.9,0,3
63,7,3,0,2
63,7,1.9,0,2
63,7,8.8,0,4
63,7,14,1,4
63,7,5.6,1,3
63,7,4,0,4
63,7,2,0,2
63,7,1.5,0,2
63,7,4.7,0,3
63,7,3.8,1,2
63,7,3.7,0,3
63,7,3.2,0,2
63,7,2.3,0,2
63,7,2.6,0,4
63,7,6,0,4
63,7,4,0,3
63,7,2.9,0,3
63,7,3.5,0,3
63,7,2.4,0,2
63,7,2.3,0,2
63,7,4,0,4
63,7,2.6,0,3
63,7,2.3,0,2
63,7,4.8,0,3
63,7,3.6,0,4
63,8,4.3,0,2
63,8,4.2,0,2
63,8,8.1,0,4
63,8,5,0,3
63,8,13.7,0,3
63,8,18,1,4
63,8,4.1,0,3
63,8,2.4,0,2
63,8,3,0,2
63,8,6.5,2,3
63,8,8.5,0,4
63,8,4.1,1,3
63,8,4.1,2,3
63,8,12.2,1,4
63,8,7.3,2,3
63,8,3.6,0,3
63,8,4.2,0,3
64,1,0,0,0
64,1,0,0,0
64,1,0,0,0
64,2,0,0,0
64,2,0,0,0
64,2,0,0,0
64,3,0,0,0
64,3,0,0,0
64,3,0,0,0
64,3,0,0,0
64,4,0,0,0
64,4,0,0,0
64,4,0,0,0
64,4,0,0,0
64,5,3.84,1,3
64,5,5.86,0,4
64,5,3.54,0,2
64,5,2.53,1,2
64,5,5.06,0,3
64,5,3.81,1,3
64,5,6.51,2,4
64,5,3.55,1,2
64,5,4.56,2,3
64,5,4.4,1,2
64,5,5.73,1,4
64,5,3.12,2,2
64,5,4.51,2,3
64,5,3.78,0,3
64,5,3.41,0,3
64,5,9.86,4,4
64,5,4.39,1,2
64,5,9.41,0,3
64,5,7.97,0,4
64,5,6.15,2,3
64,5,1.56,0,3
64,5,4.91,1,3
64,5,4.7,0,2
64,5,2.7,0,2
64,5,5.01,0,2
64,5,5.11,1,4
64,6,5.11,0,3
64,6,2.48,1,2
64,6,2.59,0,3
64,6,5.41,2,4
64,6,2.69,0,2
64,6,3.16,1,3
64,6,4.72,1,3
64,6,3.98,1,3
64,6,7.26,1,4
64,6,8.28,1,4
64,6,8.01,1,4
64,6,5.08,0,3
64,6,6.59,1,3
64,6,3.4,0,2
64,6,4.69,0,3
64,6,2.95,0,2
64,6,7.53,1,4
64,6,5.32,0,2
64,6,12.41,3,4
64,6,4.03,0,3
64,6,4.47,0,3
64,6,4.22,0,3
64,6,4.05,1,3
64,6,4.56,1,4
64,6,4.98,0,2
64,6,3.04,0,3
64,7,7.03,1,4
64,7,7.16,0,4
64,7,4.66,1,3
64,7,3.58,0,3
64,7,5.89,0,2
64,7,2.98,0,2
64,7,8.36,1,2
64,7,3.58,0,2
64,7,4.36,0,2
64,7,3.99,1,4
64,7,7.03,2,4
64,7,5.34,0,3
64,7,2.84,0,2
64,7,6.21,0,3
64,7,3.44,0,3
64,7,5.83,0,4
64,7,3.46,0,2
64,7,5.36,0,3
64,7,7.43,1,4
64,7,4.63,0,3
64,7,4.31,0,3
64,7,6.24,0,2
64,7,4.84,0,2
64,7,3.41,0,2
64,7,4.98,0,4
64,7,4.69,0,4
64,8,4.31,0,3
64,8,4.19,0,3
64,8,4.09,1,4
64,8,8.92,1,4
64,8,5.54,0,2
64,8,5.23,1,2
64,8,3.67,0,2
64,8,2.75,0,2
64,8,5.16,1,3
64,8,4.69,0,3
64,8,5.06,0,3
64,8,2.94,0,2
64,8,7.09,0,4
64,8,6.83,0,4
64,8,5.49,0,4
64,8,9.01,0,3
64,8,2.04,0,2
64,8,10.67,0,2
64,8,2.85,0,2
64,8,4.16,0,3
64,8,3.15,0,3
64,8,6.42,0,4
64,8,4.21,0,4
64,8,5.06,0,3
64,8,3.6,0,2
64,8,2.88,0,2
64,8,5.16,0,3
66,1,0,0,0
66,1,0,0,0
66,1,0,0,0
66,1,0,0,0
66,2,0,0,0
66,2,0,0,0
66,2,0,0,0
66,2,0,0,0
66,3,0,0,0
66,3,0,0,0
66,3,0,0,0
66,3,0,0,0
66,4,0,0,0
66,4,0,0,0
66,4,0,0,0
66,4,0,0,0
66,5,4.04,0,3
66,5,3.29,0,2
66,5,13.47,0,2
66,5,7.61,0,3
66,5,4.68,0,4
66,5,5.06,0,4
66,5,3.26,0,2
66,5,12.81,2,2
66,5,3.07,0,2
66,5,3.91,0,2
66,5,5.65,0,4
66,5,3.67,0,3
66,5,4.87,0,3
66,5,5.24,0,3
66,5,4.41,0,2
66,5,8.68,1,4
66,5,3.9,0,2
66,5,3.96,0,3
66,5,4.86,1,3
66,5,6.81,0,4
66,5,4.03,0,4
66,5,5.46,0,3
66,5,1.63,0,2
66,5,4.74,0,3
66,6,5.18,1,3
66,6,13.56,1,3
66,6,5.23,1,3
66,6,5.59,0,2
66,6,3.21,0,2
66,6,3.27,0,2
66,6,4.36,2,3
66,6,5.8,1,4
66,6,5.74,1,4
66,6,8.05,0,4
66,6,4.48,0,3
66,6,2.89,0,2
66,6,2.41,0,2
66,6,3.21,0,2
66,6,4.04,0,3
66,6,3.57,0,3
66,6,4.15,0,3
66,6,2.79,0,2
66,6,12.47,0,4
66,6,4.32,0,4
66,6,4.28,0,3
66,6,4.8,0,4
66,6,3.11,0,2
66,7,4.47,0,3
66,7,2.96,0,3
66,7,1.57,0,2
66,7,2.8,0,2
66,7,4.36,0,3
66,7,4.24,0,3
66,7,22.11,1,4
66,7,4.84,0,4
66,7,4.13,0,4
66,7,4.28,0,3
66,7,4.48,0,2
66,7,2.6,0,2
66,7,2.88,0,2
66,7,7.53,1,2
66,7,3.51,0,3
66,7,5.31,0,3
66,7,4.33,0,4
66,7,9.09,1,4
66,7,9.79,1,4
66,7,3.71,0,4
66,7,5.04,0,3
66,7,4.89,0,3
66,7,3.01,0,2
66,7,3.28,0,2
66,7,4.76,0,3
66,7,4.45,0,4
66,8,7.51,0,4
66,8,3.83,0,3
66,8,3.52,0,3
66,8,3.11,0,3
66,8,3.07,0,2
66,8,4.38,0,2
66,8,6.46,1,2
66,8,1.68,0,2
66,8,4.3,0,3
66,8,7.96,1,4
66,8,6.98,0,4
66,8,4.74,0,4
66,8,10.03,1,4
66,8,4.4,0,3
66,8,3.7,0,3
66,8,5.46,0,3
66,8,4.85,0,2
66,8,6.38,0,4
66,8,3.6,0,3
66,8,2.08,0,2
66,8,3.12,0,2
66,8,3.98,0,3
66,8,5.99,0,4
66,8,4.78,0,4
66,8,1.59,0,2
66,8,6.3,0,3
67,1,0,0,0
67,1,0,0,0
67,1,0,0,0
67,2,0,0,0
67,2,0,0,0
67,2,0,0,0
67,3,0,0,0
67,3,0,0,0
67,3,0,0,0
67,4,0,0,0
67,4,0,0,0
67,4,0,0,0
67,5,1.44,1,3
67,5,5.18,0,3
67,5,2.71,0,4
67,5,6.47,1,3
67,5,2.84,0,3
67,5,2.36,0,2
67,5,7.53,1,2
67,5,7.44,1,3
67,5,5.34,0,3
67,5,5.74,0,3
67,5,2.07,0,4
67,5,7.51,1,3
67,5,3.56,0,2
67,5,6.93,1,2
67,5,4.25,0,3
67,5,2.61,0,2
67,5,3.88,0,4
67,5,3.04,0,2
67,5,2.31,0,2
67,5,4.28,0,3
67,5,3.12,0,3
67,5,3.84,0,2
67,5,13.51,0,4
67,6,3.83,0,3
67,6,3.31,0,3
67,6,10.11,1,4
67,6,3.33,0,3
67,6,3.16,0,2
67,6,6.75,2,3
67,6,2.53,0,2
67,6,2.65,0,2
67,6,3.02,0,3
67,6,5.71,0,4
67,6,5.58,1,4
67,6,0.66,1,2
67,6,6.6,0,2
67,6,2.62,0,3
67,6,2.84,0,2
67,6,3.73,0,3
67,6,2.78,0,2
67,6,10.06,2,4
67,6,3.78,0,2
67,6,2.12,0,2
67,6,5.3,1,3
67,6,3.84,0,3
67,6,3.39,0,3
67,6,5.75,0,4
67,6,4.4,0,2
67,6,2.87,0,3
67,7,5.22,0,2
67,7,2.95,0,3
67,7,2.35,0,2
67,7,2.07,0,3
67,7,5.6,1,2
67,7,11.1,0,2
67,7,1.86,0,2
67,7,3.04,0,3
67,7,2.32,0,4
67,7,4.32,0,2
67,7,3.49,0,3
67,7,2.24,0,3
67,7,5.66,0,3
67,7,3.33,0,3
67,7,2.06,0,4
67,7,2.81,0,2
67,7,3.45,0,3
67,7,4.76,1,3
67,7,5.01,0,3
67,7,6.11,0,4
67,7,2.53,0,2
67,7,5.01,0,4
67,7,4.86,0,4
67,7,2.54,0,2
67,8,1.57,0,2
67,8,3.08,0,3
67,8,4.22,0,2
67,8,4.53,0,4
67,8,1.89,0,2
67,8,2.8,0,3
67,8,2.88,1,3
67,8,2.07,0,2
67,8,3.11,0,3
67,8,3.2,0,3
67,8,4.2,0,4
67,8,2.51,0,2
67,8,3.01,1,3
67,8,3.27,0,3
67,8,4.42,0,2
67,8,2.49,0,3
67,8,3.63,0,4
67,8,4.74,0,2
67,8,8.19,2,4
67,8,2.54,0,2
67,8,2.38,0,3
67,8,3.22,0,3
67,8,5.9,0,4
67,8,2.53,0,2
67,8,3.19,0,3
67,8,4.63,0,4
67,8,2.74,0,2
67,8,6.41,1,2
67,8,2.43,0,2
68,1,0,0,0
68,1,0,0,0
68,1,0,0,0
68,1,0,0,0
68,2,0,0,0
68,2,0,0,0
68,2,0,0,0
68,3,0,0,0
68,3,0,0,0
68,4,0,0,0
68,4,0,0,0
68,4,0,0,0
68,4,0,0,0
68,5,1.58,0,3
68,5,3.95,0,4
68,5,4.82,0,4
68,5,3.13,1,3
68,5,20.58,1,3
68,5,4.05,1,2
68,5,2.67,0,3
68,5,2.31,0,3
68,5,6.99,1,3
68,5,5.36,1,4
68,5,5.83,0,3
68,5,5.49,0,2
68,5,4.52,0,2
68,5,2.66,0,3
68,5,5.05,0,4
68,5,6.88,2,4
68,5,4.18,0,4
68,5,0.91,0,3
68,5,2.18,0,3
68,5,4.95,0,2
68,5,4.44,0,4
68,5,4.94,0,4
68,5,2.78,0,3
68,5,1.82,0,3
68,6,3.61,0,4
68,6,4.7,1,4
68,6,4.14,0,3
68,6,24.82,0,3
68,6,3.95,0,3
68,6,3.31,0,3
68,6,4.29,0,3
68,6,3.81,0,3
68,6,3.53,0,2
68,6,6.02,0,4
68,6,4.75,1,4
68,6,8.91,0,4
68,6,4.11,0,3
68,6,4.53,0,3
68,6,3.63,0,3
68,6,20.55,0,2
68,6,1.93,0,4
68,6,2.7,0,3
68,6,5.58,0,4
68,6,3.29,0,2
68,6,4.68,1,2
68,6,4.4,0,3
68,6,3.48,0,2
68,6,3.66,0,3
68,6,9.85,0,4
68,7,4.19,0,2
68,7,3.1,0,2
68,7,2.61,0,2
68,7,3.06,0,3
68,7,7.95,0,3
68,7,4.37,1,3
68,7,4.74,0,3
68,7,5.04,0,4
68,7,8.7,0,4
68,7,8.15,0,4
68,7,8.08,0,4
68,7,1.21,0,2
68,7,3.16,0,3
68,7,2.56,0,3
68,7,3.16,0,3
68,7,9.43,0,4
68,7,8.19,0,3
68,7,2.52,0,3
68,7,5.81,0,4
68,7,3.4,0,4
68,7,8.56,0,4
68,7,4.91,0,3
68,7,5.02,0,3
68,7,2.11,0,2
68,7,2.3,0,2
68,8,4.73,0,4
68,8,3.33,1,3
68,8,11.87,1,3
68,8,12.16,0,4
68,8,11.61,2,3
68,8,4.68,0,4
68,8,6.06,0,4
68,8,5.3,0,4
68,8,5.33,0,4
68,8,9.13,1,4
68,8,4.06,0,3
68,8,4.32,0,3
68,8,3.76,0,3
68,8,5.5,0,3
68,8,3.84,0,2
68,8,3.41,0,2
68,8,1.63,0,4
68,8,9.79,0,3
68,8,7.39,0,3
68,8,5.25,0,4
68,8,2.5,0,3
68,8,2.53,0,2
68,8,4.77,0,3
69,1,0,0,0
69,1,0,0,0
69,1,0,0,0
69,2,0,0,0
69,2,0,0,0
69,2,0,0,0
69,3,0,0,0
69,3,0,0,0
69,3,0,0,0
69,4,0,0,0
69,4,0,0,0
69,4,0,0,0
69,5,3.8,0,3
69,5,3.18,0,3
69,5,2.82,0,2
69,5,3.15,0,3
69,5,1.86,1,3
69,5,31.6,0,4
69,5,5.65,0,4
69,5,3.26,1,3
69,5,5.02,0,3
69,5,5.23,1,4
69,5,3.33,0,2
69,5,3.96,0,2
69,5,5.16,0,2
69,5,5.63,0,4
69,5,5.54,0,4
69,5,5.36,0,4
69,5,20.62,0,4
69,5,3.8,0,3
69,5,5.51,0,3
69,5,5.73,0,4
69,5,5.93,0,4
69,5,6.36,0,4
69,5,5.51,0,3
69,5,2.74,0,2
69,5,2.93,0,2
69,5,2.86,0,3
69,5,5.01,0,2
69,6,4.6,2,4
69,6,3.43,1,4
69,6,6.56,1,4
69,6,23.73,0,2
69,6,4.38,0,3
69,6,3.6,0,3
69,6,3.74,0,3
69,6,4.37,0,4
69,6,6.56,0,4
69,6,2.81,0,3
69,6,3.63,1,3
69,6,3.5,2,3
69,6,7.52,0,4
69,6,4.04,0,3
69,6,5.29,0,4
69,6,5.37,0,4
69,6,5.36,0,3
69,6,20.67,0,2
69,6,3.43,0,4
69,6,5.05,0,3
69,6,5.8,2,3
69,6,3.44,0,3
69,6,3.66,0,2
69,6,6.24,0,2
69,6,6.37,0,3
69,7,5.46,0,3
69,7,4.96,0,4
69,7,8.04,1,4
69,7,24.89,0,4
69,7,3.08,0,2
69,7,3.74,1,3
69,7,3.31,0,2
69,7,5.02,0,3
69,7,4.51,0,4
69,7,5.06,0,4
69,7,5.75,0,4
69,7,4.64,1,3
69,7,4.23,0,3
69,7,3.89,0,3
69,7,3.91,0,3
69,7,7.07,0,3
69,7,26.83,0,4
69,7,3.3,3,3
69,7,2.47,1,3
69,7,5.32,0,4
69,7,6.46,0,4
69,7,3.56,0,2
69,7,3.75,0,2
69,7,5.25,0,2
69,8,4.37,0,4
69,8,3.21,0,3
69,8,2.81,0,2
69,8,3.63,0,3
69,8,4.71,0,4
69,8,39.73,0,4
69,8,4.33,0,3
69,8,3.63,1,3
69,8,2.9,1,3
69,8,5.31,0,4
69,8,4.71,0,4
69,8,4.38,0,3
69,8,4.74,0,3
69,8,4.48,0,3
69,8,3.9,0,4
69,8,6.03,0,4
69,8,25.72,0,4
69,8,4.01,0,3
69,8,6.36,1,4
69,8,4.56,0,4
69,8,6.11,2,4
69,8,3.08,0,3
69,8,3.76,0,2
69,8,2.97,0,2
69,8,3.25,0,3
69,8,6.85,0,3
70,1,0,0,0
70,1,0,0,0
70,1,0,0,0
70,2,0,0,0
70,2,0,0,0
70,2,0,0,0
70,3,0,0,0
70,3,0,0,0
70,3,0,0,0
70,4,0,0,0
70,4,0,0,0
70,4,0,0,0
70,5,2.41,0,2
70,5,10.81,0,4
70,5,12.6,0,4
70,5,11.04,1,4
70,5,5.1,0,3
70,5,7.13,0,3
70,5,4.63,0,3
70,5,4.28,0,2
70,5,11.27,0,3
70,5,2.84,0,3
70,5,4.53,0,3
70,5,6.8,0,4
70,5,11.18,0,4
70,5,2.35,0,2
70,5,2.93,0,3
70,5,4.36,0,3
70,5,2.75,1,3
70,5,6.36,1,4
70,5,7.33,0,4
70,6,2.17,0,3
70,6,2.61,0,3
70,6,3.28,1,4
70,6,2.66,0,3
70,6,2.29,0,2
70,6,3.98,0,3
70,6,9.9,0,4
70,6,12.89,2,3
70,6,4.21,0,4
70,6,5.73,0,4
70,6,2.23,0,2
70,6,4.61,0,3
70,6,2.36,0,2
70,6,5.36,1,3
70,6,8.14,0,4
70,6,5,0,4
70,6,3.06,0,3
70,6,3.09,0,3
70,6,4.46,0,3
70,6,9.65,1,3
70,6,7.78,0,4
70,6,3,0,3
70,6,4.41,1,4
70,6,4.48,0,3
70,6,3.88,0,3
70,6,3.58,0,3
70,6,2.5,0,2
70,6,3.29,0,3
70,6,3.21,0,3
70,7,3.79,0,3
70,7,2.48,0,3
70,7,3.2,1,4
70,7,6.62,0,4
70,7,2.75,0,3
70,7,5.71,0,2
70,7,12.64,0,2
70,7,2.45,2,3
70,7,2.12,0,4
70,7,9.88,2,3
70,7,4.29,0,3
70,7,4.53,0,3
70,7,5.47,1,3
70,7,4.83,0,4
70,7,3.15,0,2
70,7,2.29,0,3
70,7,5.35,0,3
70,7,3.5,0,4
70,7,12.76,0,4
70,7,2.43,2,4
70,7,3.59,0,4
70,7,1.52,0,3
70,7,3.32,0,3
70,7,2.44,0,2
70,7,5.79,0,3
70,7,2.39,0,3
70,7,2.19,1,4
70,7,3.39,2,2
70,7,7.12,0,3
70,8,3.04,0,3
70,8,3.57,0,4
70,8,5.45,0,4
70,8,4.42,0,2
70,8,3.81,1,3
70,8,1.62,2,3
70,8,1.76,0,3
70,8,10.78,0,2
70,8,6,1,2
70,8,6.53,0,3
70,8,3.19,0,3
70,8,4.94,1,4
70,8,3.42,0,4
70,8,6.12,0,2
70,8,1.69,0,3
70,8,4.18,0,4
70,8,3.34,0,2
70,8,5.42,1,3
70,8,8.81,0,3
70,8,12.61,0,4
70,8,4.85,0,4
70,8,3.33,0,3
70,8,3.96,0,2
70,8,5.36,0,2
70,8,2.75,0,3
70,8,3.37,0,3
70,8,6.63,0,4
70,8,6.84,0,4
71,1,0,0,0
71,1,0,0,0
71,1,0,0,0
71,1,0,0,0
71,2,0,0,0
71,2,0,0,0
71,2,0,0,0
71,3,0,0,0
71,3,0,0,0
71,3,0,0,0
71,4,0,0,0
71,4,0,0,0
71,4,0,0,0
71,5,6.17,0,3
71,5,10.85,3,3
71,5,6.37,0,2
71,5,4.71,0,2
71,5,5,0,4
71,5,17.57,4,3
71,5,7.57,0,2
71,5,4.34,0,3
71,5,3.48,0,3
71,5,7.79,0,4
71,5,13.11,0,2
71,5,10.97,1,3
71,5,4.61,1,3
71,5,6.33,1,4
71,5,5.42,0,4
71,5,4.05,0,3
71,5,5.36,0,3
71,5,4.52,0,4
71,5,11.08,1,2
71,5,1.72,0,2
71,5,6.51,0,2
71,6,5.27,0,3
71,6,8.44,0,4
71,6,4.56,1,4
71,6,3.41,0,2
71,6,14.39,1,2
71,6,10.21,2,3
71,6,6.73,0,3
71,6,6.21,0,4
71,6,14.36,2,4
71,6,9.93,3,3
71,6,5.76,0,3
71,6,3.52,0,3
71,6,5.08,1,3
71,6,13.65,0,4
71,6,14.14,2,4
71,6,4.33,0,3
71,6,3.09,0,4
71,6,6.99,1,4
71,6,3.24,0,3
71,6,3.45,0,3
71,6,3.22,0,3
71,6,5.98,0,3
71,6,5.42,0,2
71,6,5.28,0,2
71,7,6.96,0,3
71,7,5.74,0,2
71,7,3.98,0,3
71,7,19.92,3,4
71,7,10.56,1,3
71,7,9.29,1,3
71,7,5.74,0,4
71,7,11.7,0,4
71,7,6.02,0,3
71,7,13.45,4,3
71,7,6.82,1,4
71,7,4.55,0,3
71,7,5.41,0,4
71,7,14.69,0,2
71,7,15.07,0,4
71,7,4.28,0,3
71,7,5.28,0,4
71,7,8.4,0,4
71,7,5.76,0,4
71,7,3.84,0,3
71,7,10.45,0,2
71,7,2.09,0,2
71,8,7.17,0,4
71,8,4.81,0,3
71,8,5.84,0,3
71,8,3.68,0,3
71,8,3.85,0,2
71,8,9.55,1,3
71,8,11.39,0,4
71,8,7.66,2,4
71,8,5.67,0,3
71,8,6.38,0,3
71,8,9.66,2,4
71,8,8.88,0,4
71,8,4.83,0,3
71,8,6.01,0,4
71,8,5.97,0,4
71,8,10.45,0,3
71,8,12.56,2,4
71,8,4.75,0,3
71,8,4.48,0,4
71,8,6.38,0,3
71,8,6.73,0,3
71,8,5.87,3,3
71,8,21.56,0,4
72,1,0,0,0
72,1,0,0,0
72,1,0,0,0
72,2,0,0,0
72,2,0,0,0
72,3,0,0,0
72,3,0,0,0
72,3,0,0,0
72,4,0,0,0
72,4,0,0,0
72,5,4.9,1,2
72,5,3.9,0,2
72,5,3,0,2
72,5,16,1,2
72,5,9.5,3,3
72,5,5.4,1,3
72,5,10.2,1,3
72,5,5.7,1,3
72,5,20.2,3,4
72,5,7,1,4
72,5,12.2,1,4
72,5,13.4,2,4
72,5,5.2,1,2
72,5,6.2,0,3
72,5,5.2,0,3
72,5,5.1,0,4
72,5,7.6,2,4
72,6,6.8,0,3
72,6,5.5,0,4
72,6,5.5,1,4
72,6,5.6,0,3
72,6,10.1,1,3
72,6,10.7,0,3
72,6,4.8,0,4
72,6,7.8,0,4
72,6,5.9,0,3
72,6,5.4,0,3
72,6,2.9,2,2
72,6,14,2,3
72,6,3.7,0,3
72,6,4.4,0,3
72,6,5.9,0,4
72,6,6.9,0,4
72,6,8.5,1,4
72,6,12.9,3,4
72,6,8.1,0,3
72,6,7.8,0,3
72,6,7.6,0,4
72,6,7.5,0,4
72,6,4.8,0,2
72,6,2.7,0,2
72,7,6.1,0,3
72,7,11.2,2,4
72,7,5.6,1,4
72,7,5.2,2,2
72,7,12.1,1,3
72,7,5.9,0,4
72,7,9.5,1,4
72,7,5.6,0,3
72,7,5.4,1,3
72,7,10.9,1,4
72,7,11.5,0,3
72,7,4.5,0,4
72,7,6.2,0,4
72,7,4.8,0,3
72,7,4,0,3
72,7,9,2,3
72,7,4.4,0,4
72,7,2.7,0,2
72,7,3.5,0,3
72,7,10.7,2,4
72,7,5.3,0,3
72,7,2.9,0,2
72,7,3.6,0,3
72,7,6.9,0,3
72,7,1.3,0,2
72,8,6.8,0,4
72,8,7.2,0,4
72,8,3.6,0,2
72,8,3.1,0,3
72,8,10.1,1,3
72,8,8.9,1,3
72,8,4.7,0,3
72,8,3.7,0,2
72,8,6.2,0,4
72,8,4.9,0,4
72,8,6.8,0,4
72,8,5.4,1,3
72,8,6.6,0,2
72,8,5.2,0,4
72,8,2.8,0,2
72,8,4.5,0,3
72,8,2.4,0,3
72,8,5.6,0,4
72,8,12.6,1,4
72,8,4.3,0,4
72,8,2.7,0,2
72,8,8.1,0,4
72,8,4.5,0,3
72,8,3.8,0,3
72,8,2.5,0,2
72,8,5,1,4
72,8,3.8,0,3
73,1,0,0,0
73,1,0,0,0
73,1,0,0,0
73,2,0,0,0
73,2,0,0,0
73,2,0,0,0
73,3,0,0,0
73,3,0,0,0
73,3,0,0,0
73,4,0,0,0
73,4,0,0,0
73,4,0,0,0
73,5,2.9,0,2
73,5,1.6,1,3
73,5,2.6,0,2
73,5,4,1,3
73,5,8.8,1,3
73,5,11.5,1,4
73,5,2.3,0,2
73,5,7.6,0,2
73,5,2.9,0,2
73,5,3.2,0,3
73,5,3.8,0,3
73,5,14.9,2,4
73,5,4.2,0,4
73,5,2.4,0,3
73,5,2.7,0,2
73,5,2.8,0,2
73,5,5.3,0,3
73,5,10.1,2,3
73,5,6.5,0,4
73,5,4.4,0,2
73,5,3.2,0,2
73,5,4.1,0,3
73,5,5.1,0,4
73,5,3.9,0,4
73,5,4.4,0,3
73,5,3.7,0,3
73,6,2.6,0,2
73,6,2.8,0,2
73,6,3.7,0,3
73,6,6.7,0,4
73,6,5.3,0,2
73,6,8.4,1,4
73,6,3.4,0,3
73,6,4.5,0,3
73,6,7.9,0,4
73,6,4,0,4
73,6,4.4,1,3
73,6,4.5,1,4
73,6,4.7,2,3
73,6,2.9,0,2
73,6,3.6,0,3
73,6,5.7,1,2
73,6,10.1,0,4
73,6,5.5,1,3
73,6,3.6,0,4
73,6,5.1,0,4
73,6,3.5,0,3
73,6,5.2,0,4
73,6,4.3,0,2
73,6,3.5,0,3
73,6,7.6,0,4
73,7,3.5,0,3
73,7,3.3,0,2
73,7,2.6,0,2
73,7,5.8,0,4
73,7,4.4,0,3
73,7,9.4,3,4
73,7,4.5,0,4
73,7,3.9,0,2
73,7,2.8,0,2
73,7,4.9,0,3
73,7,9,0,4
73,7,2.5,0,2
73,7,3.9,0,3
73,7,4.1,0,3
73,7,7.5,1,4
73,7,10.5,2,4
73,7,3.5,0,2
73,7,3.8,0,3
73,7,4.7,0,3
73,7,5.8,0,4
73,7,5.4,0,4
73,7,3.9,0,4
73,7,6.4,0,3
73,8,3.4,0,3
73,8,7.2,0,4
73,8,1.7,0,2
73,8,4.1,0,3
73,8,3,0,3
73,8,6.3,0,3
73,8,7.7,0,4
73,8,4.4,0,4
73,8,4.5,0,3
73,8,3.3,0,3
73,8,7.3,0,4
73,8,3,0,3
73,8,3,1,2
73,8,3.3,0,3
73,8,4.1,0,3
73,8,3.5,0,3
73,8,4.2,0,2
73,8,7,0,4
73,8,4.4,0,4
73,8,3.8,0,3
73,8,3.2,0,4
73,8,3.4,0,2
73,8,2.5,0,3
73,8,1.7,0,2
73,8,1.4,0,2
73,8,2.4,0,4
73,8,4.3,0,3
74,1,0,0,0
74,1,0,0,0
74,1,0,0,0
74,2,0,0,0
74,2,0,0,0
74,2,0,0,0
74,3,0,0,0
74,3,0,0,0
74,3,0,0,0
74,3,0,0,0
74,4,0,0,0
74,4,0,0,0
74,4,0,0,0
74,4,0,0,0
74,5,3.1,1,2
74,5,5.73,0,4
74,5,4.19,0,4
74,5,3.54,0,3
74,5,8.46,0,2
74,5,14.47,0,4
74,5,6.84,0,4
74,5,8.14,0,3
74,5,5.77,0,3
74,5,6.57,1,2
74,5,8.87,1,4
74,5,4.24,0,3
74,5,7.3,0,4
74,5,5.07,0,3
74,5,2.28,0,3
74,5,9.25,0,3
74,5,10.15,1,3
74,5,5.56,0,4
74,5,4.37,0,4
74,5,5.4,0,3
74,5,4.49,0,4
74,5,7.02,0,2
74,5,7.3,0,4
74,5,3.32,0,2
74,6,5.07,0,3
74,6,4.48,0,3
74,6,4.94,0,4
74,6,2.33,0,2
74,6,4.02,0,3
74,6,11.7,2,3
74,6,6.79,1,4
74,6,6.7,2,4
74,6,7.7,2,4
74,6,6.97,3,4
74,6,6.14,0,3
74,6,5.27,0,3
74,6,3.23,0,2
74,6,8.24,0,2
74,6,9.68,1,3
74,6,3.96,0,2
74,6,4.58,0,3
74,6,5.31,1,3
74,6,5.82,0,4
74,6,3.33,0,2
74,6,4.46,0,3
74,7,7.44,0,4
74,7,4.03,0,2
74,7,4.96,0,3
74,7,3.76,0,4
74,7,11.99,0,2
74,7,12.76,0,4
74,7,6.59,0,3
74,7,6.43,0,3
74,7,5.59,0,4
74,7,6.34,0,4
74,7,9.9,1,4
74,7,4.28,0,2
74,7,3.9,0,3
74,7,4.63,0,3
74,7,5.98,0,4
74,7,9.91,0,4
74,7,11.49,1,4
74,7,4.67,0,3
74,7,4.87,0,3
74,7,4.51,0,2
74,7,6.39,0,4
74,7,4.28,0,2
74,7,5.66,0,4
74,8,5.2,0,3
74,8,4.12,0,3
74,8,6.69,0,4
74,8,6.14,0,4
74,8,6.56,0,2
74,8,11.46,1,4
74,8,6.15,0,4
74,8,12.8,2,2
74,8,5.65,0,3
74,8,11.12,1,2
74,8,8.23,0,4
74,8,6.21,0,3
74,8,4.98,0,3
74,8,6.04,0,4
74,8,3.71,0,2
74,8,10.05,2,4
74,8,7.05,0,3
74,8,4.96,0,3
74,8,2.91,0,2
74,8,7.92,0,4
74,8,6.8,0,4
74,8,6.07,0,4
74,8,4.85,0,4
74,8,2.84,0,2
17,1,0,0,0
17,1,0,0,0
17,1,0,0,0
17,2,0,0,0
17,2,0,0,0
17,2,0,0,0
17,3,0,0,0
17,3,0,0,0
17,3,0,0,0
17,4,0,0,0
17,4,0,0,0
17,5,8.69,4,2
17,5,12.41,1,3
17,5,7.09,1,3
17,5,11.07,2,4
17,5,14.26,2,4
17,5,7.88,1,2
17,6,8.93,3,2
17,6,8.92,2,3
17,6,10.58,2,3
17,6,14.55,3,4
17,6,8.96,3,4
17,6,7.1,1,2
17,7,10.86,2,2
17,7,11.52,2,3
17,7,8.53,1,3
17,7,13.84,1,4
17,7,8.69,3,4
17,7,12.62,2,2
17,8,11.25,3,2
17,8,11.39,2,3
17,8,7.23,2,3
17,8,12.34,4,4
17,8,14.42,2,4
17,8,7.41,2,2
20,1,0,0,0
20,1,0,0,0
20,1,0,0,0
20,2,0,0,0
20,2,0,0,0
20,2,0,0,0
20,3,0,0,0
20,3,0,0,0
20,3,0,0,0
20,4,0,0,0
20,4,0,0,0
20,4,0,0,0
20,5,14.88,1,2
20,5,12.8,2,3
20,5,10.28,2,3
20,5,7.23,2,4
20,5,6.23,2,4
20,5,10.46,1,2
20,6,10.4,3,3
20,6,7.34,1,3
20,6,7.84,4,4
20,6,13.47,2,4
20,6,11.52,1,2
20,7,8.7,0,2
20,7,11.46,1,3
20,7,8.29,0,3
20,7,10.62,1,4
20,7,14.37,3,4
20,7,8.93,2,2
20,8,7.01,0,2
20,8,12.98,2,3
20,8,10.55,1,3
20,8,13.26,1,4
20,8,6.31,3,4
20,8,8.57,0,2
21,1,0,0,0
21,1,0,0,0
21,1,0,0,0
21,2,0,0,0
21,2,0,0,0
21,2,0,0,0
21,2,0,0,0
21,3,0,0,0
21,3,0,0,0
21,3,0,0,0
21,3,0,0,0
21,4,0,0,0
21,4,0,0,0
21,4,0,0,0
21,5,9.77,1,2
21,5,10.91,3,3
21,5,9.22,3,3
21,5,14.24,1,4
21,5,15.36,2,4
21,5,11.1,2,2
21,6,6.77,2,2
21,6,11.03,1,3
21,6,15.7,2,3
21,6,14.03,4,4
21,6,7.46,3,4
21,6,15.06,2,2
21,7,5.71,1,2
21,7,8.85,2,3
21,7,11.08,1,3
21,7,12.17,3,4
21,7,6.43,2,4
21,7,8.46,0,2
21,8,8.67,1,2
21,8,6.88,2,3
21,8,10.8,2,3
21,8,6.5,2,4
21,8,10.21,3,4
21,8,8.06,3,2
22,1,0,0,0
22,1,0,0,0
22,1,0,0,0
22,1,0,0,0
22,2,0,0,0
22,2,0,0,0
22,2,0,0,0
22,3,0,0,0
22,3,0,0,0
22,4,0,0,0
22,4,0,0,0
22,5,14.42,0,2
22,5,7.93,3,3
22,5,12.55,0,3
22,5,13.68,3,4
22,5,7.13,2,4
22,5,7.97,2,2
22,6,6.43,0,3
22,6,6.22,4,3
22,6,9.93,0,4
22,6,9.86,2,4
22,6,6.77,1,2
22,7,12.05,4,2
22,7,6.68,0,3
22,7,10.54,1,3
22,7,14.87,0,4
22,7,7.38,2,4
22,7,6.57,2,2
22,8,12.02,3,2
22,8,6.37,1,3
22,8,6.08,1,3
22,8,11.85,2,4
22,8,7.95,1,4
22,8,7.86,3,2
23,1,0,0,0
23,1,0,0,0
23,1,0,0,0
23,1,0,0,0
23,2,0,0,0
23,2,0,0,0
23,2,0,0,0
23,3,0,0,0
23,3,0,0,0
23,3,0,0,0
23,3,0,0,0
23,4,0,0,0
23,4,0,0,0
23,4,0,0,0
23,5,10.96,2,2
23,5,10.82,3,3
23,5,10.97,2,3
23,5,10.2,2,4
23,5,8.1,0,4
23,5,13.82,2,2
23,6,10.69,0,2
23,6,7.77,4,3
23,6,8.53,2,3
23,6,10.57,3,4
23,6,8.83,2,4
23,6,13.78,2,2
23,7,12.4,2,2
23,7,14.56,1,3
23,7,11.13,1,3
23,7,11.13,2,4
23,7,11.99,1,4
23,7,10.15,2,2
23,8,9.5,1,2
23,8,7.42,2,3
23,8,12.97,0,3
23,8,10.72,1,4
23,8,11.96,2,4
23,8,14.81,3,2
24,1,0,0,0
24,1,0,0,0
24,1,0,0,0
24,1,0,0,0
24,2,0,0,0
24,2,0,0,0
24,2,0,0,0
24,2,0,0,0
24,3,0,0,0
24,3,0,0,0
24,3,0,0,0
24,3,0,0,0
24,4,0,0,0
24,4,0,0,0
24,4,0,0,0
24,5,11.93,0,2
24,5,9.64,2,3
24,5,8.73,2,3
24,5,6.41,4,4
24,5,9.88,1,4
24,5,7.88,3,2
24,6,11.17,1,3
24,6,7.44,0,3
24,6,6.31,4,4
24,6,12.79,1,4
24,6,8.04,2,2
24,7,7.68,1,2
24,7,6.15,0,3
24,7,10.92,2,3
24,7,14.16,3,4
24,7,14.61,2,4
24,7,8.8,2,2
24,8,7.52,2,2
24,8,13.76,3,3
24,8,10.2,4,3
24,8,9.9,1,4
24,8,14.99,2,4
24,8,6.81,1,2
25,1,0,0,0
25,1,0,0,0
25,2,0,0,0
25,2,0,0,0
25,2,0,0,0
25,3,0,0,0
25,3,0,0,0
25,3,0,0,0
25,4,0,0,0
25,4,0,0,0
25,4,0,0,0
25,5,8.17,1,2
25,5,6.73,2,3
25,5,8.61,3,3
25,5,12.13,1,4
25,5,13.03,0,4
25,5,13.72,3,2
25,6,11.78,2,3
25,6,8.51,1,3
25,6,14.25,3,4
25,6,11.72,1,4
25,6,7.9,3,2
25,7,13.47,3,2
25,7,14.48,2,3
25,7,12.76,2,3
25,7,6.73,3,4
25,7,10.04,1,4
25,7,8.18,1,2
25,8,8.79,1,2
25,8,7.3,2,3
25,8,10.71,3,3
25,8,12.8,2,4
25,8,9.58,4,4
25,8,11.37,4,2
26,1,0,0,0
26,1,0,0,0
26,2,0,0,0
26,2,0,0,0
26,3,0,0,0
26,3,0,0,0
26,3,0,0,0
26,4,0,0,0
26,4,0,0,0
26,4,0,0,0
26,5,13.96,1,2
26,5,8.09,0,3
26,5,7.45,2,3
26,5,9.53,0,4
26,5,13.17,0,4
26,5,13.75,1,2
26,6,9.38,2,3
26,6,14.16,2,3
26,6,9.37,2,4
26,6,14.81,3,4
26,6,6.74,1,2
26,7,6.78,0,2
26,7,14.58,3,3
26,7,11.08,2,3
26,7,8.51,2,4
26,7,7.65,1,4
26,7,9.59,4,2
26,8,12.99,3,2
26,8,6.69,1,3
26,8,14.08,3,3
26,8,7.03,5,4
26,8,7.53,1,4
26,8,13.12,3,2
27,1,0,0,0
27,1,0,0,0
27,2,0,0,0
27,2,0,0,0
27,3,0,0,0
27,3,0,0,0
27,4,0,0,0
27,4,0,0,0
27,5,12.48,2,2
27,5,14.27,2,3
27,5,8.54,3,3
27,5,12.04,5,4
27,5,8.4,1,4
27,5,12.22,3,2
27,6,8.6,1,2
27,6,7.22,0,3
27,6,7.55,3,3
27,6,14.32,2,4
27,6,9,1,4
27,6,13.32,5,2
27,7,12.49,2,2
27,7,9.2,3,3
27,7,8.59,1,3
27,7,11.6,1,4
27,7,7.14,2,4
27,7,15.76,4,2
27,8,6.59,3,2
27,8,8.53,4,3
27,8,6.56,0,3
27,8,15.05,4,4
27,8,12.57,2,4
27,8,13.47,3,2
28,1,0,0,0
28,1,0,0,0
28,1,0,0,0
28,2,0,0,0
28,2,0,0,0
28,3,0,0,0
28,3,0,0,0
28,4,0,0,0
28,4,0,0,0
28,5,10.73,3,2
28,5,11.4,1,3
28,5,11.68,4,3
28,5,8.21,2,4
28,5,14.19,2,4
28,5,9.03,3,2
28,6,9.32,1,2
28,6,14.98,1,3
28,6,11.53,4,3
28,6,8.31,2,4
28,6,8.02,3,4
28,6,14.29,2,2
28,7,8.79,4,2
28,7,8.2,0,3
28,7,6.36,3,3
28,7,9.04,3,4
28,7,12.71,5,4
28,7,9.47,1,2
28,8,6.68,2,2
28,8,7.07,3,3
28,8,13.18,4,3
28,8,12.28,3,4
28,8,13.17,5,4
28,8,10.65,4,2
24,1,0,0,0
24,1,0,0,0
24,1,0,0,0
24,2,0,0,0
24,2,0,0,0
24,2,0,0,0
24,3,0,0,0
24,3,0,0,0
24,3,0,0,0
24,4,0,0,0
24,4,0,0,0
24,4,0,0,0
24,5,3,0,2
24,5,4,0,2
24,5,2,0,2
24,5,4,0,2
24,5,5,0,3
24,5,6,0,3
24,5,5,0,3
24,5,7,1,3
24,5,10,0,4
24,5,12,1,4
24,5,14,0,4
24,5,13,1,4
24,6,5,1,2
24,6,2,0,2
24,6,2,0,2
24,6,3,0,2
24,6,7,0,3
24,6,8,0,3
24,6,8,1,3
24,6,9,1,3
24,6,7,0,4
24,6,7,0,4
24,6,9,0,4
24,6,13,1,4
24,7,3,0,2
24,7,3,0,2
24,7,3,0,2
24,7,4,0,2
24,7,6,0,3
24,7,6,0,3
24,7,8,0,3
24,7,7,1,3
24,7,8,2,4
24,7,8,0,4
24,7,7,0,4
24,7,9,1,4
24,8,2,1,2
24,8,3,0,2
24,8,2,0,2
24,8,3,0,2
24,8,6,0,3
24,8,5,0,3
24,8,6,0,3
24,8,7,1,3
24,8,9,0,4
24,8,8,0,4
24,8,14,2,4
24,8,6,0,4
25,1,0,0,0
25,1,0,0,0
25,1,0,0,0
25,2,0,0,0
25,2,0,0,0
25,2,0,0,0
25,3,0,0,0
25,3,0,0,0
25,3,0,0,0
25,4,0,0,0
25,4,0,0,0
25,4,0,0,0
25,5,3,0,2
25,5,7,0,2
25,5,8,0,2
25,5,9,0,2
25,5,4,0,3
25,5,10,1,3
25,5,5,0,3
25,5,4,1,3
25,5,10,1,4
25,5,12,2,4
25,5,3,0,4
25,5,8,0,4
25,6,4,0,2
25,6,5,0,2
25,6,7,0,2
25,6,5,0,2
25,6,5,1,3
25,6,4,1,3
25,6,8,2,3
25,6,10,1,3
25,6,8,0,4
25,6,7,1,4
25,6,6,0,4
25,6,8,0,4
25,7,4,0,2
25,7,4,0,2
25,7,5,0,2
25,7,8,0,2
25,7,7,0,3
25,7,8,1,3
25,7,7,2,3
25,7,6,0,3
25,7,7,0,4
25,7,13,1,4
25,7,5,0,4
25,7,10,0,4
25,8,4,0,2
25,8,5,1,2
25,8,7,0,2
25,8,5,0,2
25,8,14,1,3
25,8,6,0,3
25,8,5,0,3
25,8,7,1,3
25,8,8,1,4
25,8,5,0,4
25,8,4,0,4
25,8,8,1,4
26,1,0,0,0
26,1,0,0,0
26,1,0,0,0
26,2,0,0,0
26,2,0,0,0
26,2,0,0,0
26,3,0,0,0
26,3,0,0,0
26,3,0,0,0
26,4,0,0,0
26,4,0,0,0
26,4,0,0,0
26,5,4,0,2
26,5,4,0,2
26,5,7,0,2
26,5,6,0,2
26,5,5,0,3
26,5,9,0,3
26,5,6,0,3
26,5,4,1,3
26,5,6,0,4
26,5,8,0,4
26,5,5,0,4
26,5,8,1,4
26,6,4,0,2
26,6,5,0,2
26,6,4,1,2
26,6,6,0,2
26,6,3,0,3
26,6,5,0,3
26,6,6,0,3
26,6,6,0,3
26,6,7,0,4
26,6,7,0,4
26,6,5,0,4
26,6,6,0,4
26,7,5,0,2
26,7,5,0,2
26,7,3,0,2
26,7,7,0,2
26,7,4,0,3
26,7,5,0,3
26,7,6,0,3
26,7,4,0,3
26,7,6,0,4
26,7,8,0,4
26,7,7,0,4
26,7,8,0,4
26,8,5,0,2
26,8,6,1,2
26,8,7,0,2
26,8,5,0,2
26,8,5,0,3
26,8,7,0,3
26,8,6,0,3
26,8,7,0,3
26,8,8,0,4
26,8,5,0,4
26,8,5,0,4
26,8,6,0,4
27,1,0,0,0
27,1,0,0,0
27,1,0,0,0
27,2,0,0,0
27,2,0,0,0
27,3,0,0,0
27,3,0,0,0
27,4,0,0,0
27,4,0,0,0
27,5,3,1,2
27,5,2,2,2
27,5,3,1,2
27,5,3,2,2
27,5,1,0,3
27,5,3,2,3
27,5,1,1,3
27,5,2,0,3
27,5,5,2,4
27,5,2,0,4
27,5,2,0,4
27,5,4,1,4
27,6,1,0,2
27,6,2,0,2
27,6,2,1,2
27,6,3,1,2
27,6,1,0,3
27,6,1,0,3
27,6,3,2,3
27,6,3,1,3
27,6,5,2,4
27,6,2,0,4
27,6,2,0,4
27,6,4,2,4
27,7,2,0,2
27,7,1,0,2
27,7,3,2,2
27,7,2,1,2
27,7,1,0,3
27,7,3,1,3
27,7,4,2,3
27,7,1,1,3
27,7,5,1,4
27,7,3,0,4
27,7,2,0,4
27,7,6,2,4
27,8,1,0,2
27,8,2,0,2
27,8,3,1,2
27,8,3,1,2
27,8,1,0,3
27,8,1,0,3
27,8,4,1,3
27,8,6,3,3
27,8,5,1,4
27,8,4,1,4
27,8,3,1,4
27,8,8,4,4
28,1,0,0,0
28,1,0,0,0
28,1,0,0,0
28,2,0,0,0
28,2,0,0,0
28,2,0,0,0
28,3,0,0,0
28,3,0,0,0
28,3,0,0,0
28,5,4,0,2
28,5,8,0,2
28,5,20,0,2
28,5,10,0,2
28,5,10,0,3
28,5,12,0,3
28,5,14,0,3
28,5,9,0,3
28,5,19,0,4
28,5,8,0,4
28,5,5,0,4
28,5,9,0,4
28,6,3,0,2
28,6,4,0,2
28,6,9,0,2
28,6,12,0,2
28,6,7,0,3
28,6,9,1,3
28,6,7,0,3
28,6,9,0,3
28,6,17,0,4
28,6,10,0,4
28,6,12,0,4
28,6,8,0,4
28,7,2,0,2
28,7,4,0,2
28,7,4,0,2
28,7,4,0,2
28,7,5,0,3
28,7,7,0,3
28,7,10,0,3
28,7,7,0,3
28,7,5,0,4
28,7,7,0,4
28,7,9,0,4
28,7,9,0,4
28,8,3,0,2
28,8,1,0,2
28,8,4,0,2
28,8,6,1,2
28,8,7,1,3
28,8,3,0,3
28,8,6,1,3
28,8,7,0,3
28,8,6,0,4
28,8,5,0,4
28,8,5,0,4
28,8,6,0,4
29,1,0,0,0
29,1,0,0,0
29,1,0,0,0
29,1,0,0,0
29,2,0,0,0
29,2,0,0,0
29,2,0,0,0
29,2,0,0,0
29,3,0,0,0
29,3,0,0,0
29,3,0,0,0
29,4,0,0,0
29,4,0,0,0
29,4,0,0,0
29,5,1,0,2
29,5,0.5,0,2
29,5,28,1,2
29,5,8,0,2
29,5,10,0,3
29,5,9,0,3
29,5,8,0,3
29,5,9,0,3
29,5,9,0,4
29,5,8,0,4
29,5,8,0,4
29,5,2,1,4
29,6,1,0,2
29,6,4,0,2
29,6,4,0,2
29,6,10,0,2
29,6,4,0,3
29,6,7,1,3
29,6,7,0,3
29,6,10,0,3
29,6,15,0,4
29,6,7,0,4
29,6,8,0,4
29,6,5,0,4
29,7,3,0,2
29,7,1,0,2
29,7,6,0,2
29,7,5,0,2
29,7,11,0,3
29,7,7,0,3
29,7,9,0,3
29,7,4,0,3
29,7,8,0,4
29,7,7,0,4
29,7,7,0,4
29,7,8,0,4
29,8,15,0,2
29,8,6,0,2
29,8,14,0,2
29,8,8,1,2
29,8,10,1,3
29,8,7,0,3
29,8,8,0,3
29,8,5,0,3
29,8,5,0,4
29,8,8,0,4
29,8,7,0,4
29,8,10,1,4
30,1,0,0,0
30,1,0,0,0
30,1,0,0,0
30,2,0,0,0
30,2,0,0,0
30,2,0,0,0
30,3,0,0,0
30,3,0,0,0
30,3,0,0,0
30,4,0,0,0
30,4,0,0,0
30,5,3,0,2
30,5,4,0,2
30,5,2,1,2
30,5,4,0,2
30,5,5,0,3
30,5,6,0,3
30,5,5,0,3
30,5,7,1,3
30,5,10,0,4
30,5,12,1,4
30,5,14,0,4
30,5,13,1,4
30,6,5,1,2
30,6,2,0,2
30,6,2,0,2
30,6,3,0,2
30,6,7,0,3
30,6,8,0,3
30,6,8,1,3
30,6,9,1,3
30,6,7,0,4
30,6,7,0,4
30,6,9,0,4
30,6,13,1,4
30,7,3,0,2
30,7,3,0,2
30,7,3,0,2
30,7,4,0,2
30,7,6,0,3
30,7,6,0,3
30,7,8,0,3
30,7,7,1,3
30,7,8,2,4
30,7,8,0,4
30,7,7,0,4
30,7,9,1,4
30,8,2,1,2
30,8,3,0,2
30,8,2,0,2
30,8,3,0,2
30,8,6,0,3
30,8,5,0,3
30,8,6,0,3
30,8,7,1,3
30,8,9,0,4
30,8,8,0,4
30,8,14,2,4
30,8,6,0,4
31,1,0,0,0
31,1,0,0,0
31,2,0,0,0
31,2,0,0,0
31,2,0,0,0
31,3,0,0,0
31,3,0,0,0
31,3,0,0,0
31,4,0,0,0
31,4,0,0,0
31,5,4,0,2
31,5,2,0,2
31,5,4,0,2
31,5,5,1,2
31,5,10,0,3
31,5,15,2,3
31,5,7,0,3
31,5,7,0,3
31,5,6,0,4
31,5,8,0,4
31,5,5,0,4
31,5,8,1,4
31,6,4,0,2
31,6,4,0,2
31,6,3,0,2
31,6,4,0,2
31,6,5,1,3
31,6,5,0,3
31,6,7,0,3
31,6,9,1,3
31,6,7,1,4
31,6,7,1,4
31,6,5,0,4
31,6,6,0,4
31,7,4,0,2
31,7,2,0,2
31,7,3,0,2
31,7,3,1,2
31,7,4,0,3
31,7,6,0,3
31,7,5,1,3
31,7,4,0,3
31,7,6,0,4
31,7,8,1,4
31,7,7,0,4
31,7,8,0,4
31,8,2,0,2
31,8,1,0,2
31,8,2,0,2
31,8,3,0,2
31,8,4,1,3
31,8,4,0,3
31,8,5,0,3
31,8,7,1,3
31,8,8,2,4
31,8,5,0,4
31,8,5,0,4
31,8,6,0,4
32,1,0,0,0
32,1,0,0,0
32,2,0,0,0
32,2,0,0,0
32,3,0,0,0
32,3,0,0,0
32,4,0,0,0
32,4,0,0,0
32,5,5,1,2
32,5,3,0,2
32,5,3,0,2
32,5,2,0,2
32,5,7,0,3
32,5,9,1,3
32,5,8,0,3
32,5,7,1,3
32,5,14,1,4
32,5,9,0,4
32,5,11,0,4
32,5,16,0,4
32,6,3,0,2
32,6,4,0,2
32,6,4,0,2
32,6,5,0,2
32,6,5,0,3
32,6,5,0,3
32,6,7,0,3
32,6,7,1,3
32,6,12,0,4
32,6,8,0,4
32,6,7,0,4
32,6,14,1,4
32,7,4,0,2
32,7,4,1,2
32,7,3,0,2
32,7,2,0,2
32,7,5,0,3
32,7,9,1,3
32,7,6,0,3
32,7,5,0,3
32,7,12,0,4
32,7,7,0,4
32,7,7,0,4
32,7,9,0,4
32,8,3,0,2
32,8,3,0,2
32,8,3,0,2
32,8,5,1,2
32,8,6,0,3
32,8,5,0,3
32,8,6,0,3
32,8,7,1,3
32,8,9,0,4
32,8,6,0,4
32,8,6,0,4
32,8,10,2,4
33,1,0,0,0
33,1,0,0,0
33,1,0,0,0
33,2,0,0,0
33,2,0,0,0
33,3,0,0,0
33,3,0,0,0
33,4,0,0,0
33,4,0,0,0
33,4,0,0,0
33,5,2,0,2
33,5,2,0,2
33,5,4,0,2
33,5,5,0,2
33,5,10,1,3
33,5,11,1,3
33,5,9,0,3
33,5,8,0,3
33,5,14,1,4
33,5,7,0,4
33,5,6,0,4
33,5,11,1,4
33,6,4,0,2
33,6,2,0,2
33,6,3,0,2
33,6,5,1,2
33,6,7,0,3
33,6,7,1,3
33,6,6,0,3
33,6,9,1,3
33,6,10,1,4
33,6,7,0,4
33,6,6,0,4
33,6,9,0,4
33,7,4,0,2
33,7,2,0,2
33,7,3,0,2
33,7,3,0,2
33,7,6,0,3
33,7,8,0,3
33,7,7,0,3
33,7,7,0,3
33,7,9,0,4
33,7,7,0,4
33,7,7,1,4
33,7,9,0,4
33,8,3,0,2
33,8,3,0,2
33,8,4,1,2
33,8,4,1,2
33,8,10,1,3
33,8,6,0,3
33,8,8,1,3
33,8,7,0,3
33,8,10,2,4
33,8,7,0,4
33,8,6,0,4
33,8,9,1,4
34,1,0,0,0
34,1,0,0,0
34,2,0,0,0
34,2,0,0,0
34,2,0,0,0
34,3,0,0,0
34,3,0,0,0
34,3,0,0,0
34,4,0,0,0
34,4,0,0,0
34,4,0,0,0
34,5,4,0,2
34,5,2,0,2
34,5,3,0,2
34,5,3,0,2
34,5,14,0,3
34,5,8,0,3
34,5,7,0,3
34,5,6,0,3
34,5,12,0,4
34,5,7,0,4
34,5,8,0,4
34,5,10,0,4
34,6,5,0,2
34,6,3,0,2
34,6,2,0,2
34,6,4,0,2
34,6,6,0,3
34,6,5,0,3
34,6,8,0,3
34,6,10,1,3
34,6,10,1,4
34,6,7,0,4
34,6,8,0,4
34,6,11,0,4
34,7,4,0,2
34,7,2,0,2
34,7,4,0,2
34,7,3,0,2
34,7,7,0,3
34,7,12,1,3
34,7,8,0,3
34,7,5,0,3
34,7,9,0,4
34,7,8,0,4
34,7,6,0,4
34,7,12,1,4
34,8,2,0,2
34,8,3,0,2
34,8,4,0,2
34,8,5,1,2
34,8,7,1,3
34,8,7,1,3
34,8,9,1,3
34,8,8,0,3
34,8,10,2,4
34,8,8,0,4
34,8,8,0,4
34,8,11,1,4
